player_name,matched_aliases,tweet_mentions,example_tweet
Lionel Messi,messi,17827,"0 goal in knockout game of a World cup before this one and now he is the only player to score in each of the knockout game of a single world cup, this WC belongs to him.
#Messi𓃵 
#FIFAWorldCup https://t.co/DIFd02TtZc"
Kylian Mbappé,mbappe,8621,@00_miski @Football__Tweet No player in history has scored more goals than Mbappé in a World Cup final 🤷🏽‍♂️ That’s a GOAT sort of player
Cristiano Ronaldo,ronaldo,7494,"0 football Knowledge.
Euro 04 Ronaldo 2+1 goals, Figo 0.

Ronaldo’s first worldcup was 2006. Portugals last worldcup before that was 1986. Ronaldo was a 1 year old. Portugal were never rated internationally until Ronaldo. https://t.co/6MSvhZaspx"
Lionel Messi,lionel messi,2442,"@0noneoftheabove @mariamessina77 @DonnieDarkened @JackPosobiec Look it

World Cup revelation player: Enzo Fernandez shirt 24 

Best player of the cup 2022: 
Lionel Messi shirt 10

Best goalkeeper of the cup, who won the golden glove: 

Emiliano Martínez shirt 23

Top scorer of the 2022 World Cup: 

Mbappé 🇫🇷 who scored 8 goals. 
Shirt 10 https://t.co/hIdcBKOiI6"
Lionel Messi,goat_contextual|messi,2333,"1 UP ⬆️ 🆙 
🇦🇷🇦🇷🇦🇷🇦🇷

Messi now on 12 Goals in 5 editions of World Cup 

#GOAT𓃵"
Kylian Mbappé,kylian mbappe|kylian_contextual,1842,"1/2 France star striker Kylian Mbappé is the winner of the 2022 FIFA World Cup Golden Boot award after scoring three goals in Sunday's final against Argentina, bringing his total to eight in the tournament.

https://t.co/X7xuAYkQ29"
Neymar,neymar,1417,@089968Raph___ @FIFAWorldCup The last min goal by Croatia is a deflection not a pure one like Neymar .. they went by luck...
Cristiano Ronaldo,cristiano ronaldo,1031,"0 WORLD CUP KNOCKOUT goals
0 WORLD CUP FINAL APPEARANCE 

There he is, Cristiano Ronaldo! The fighter https://t.co/vX7I0viud4"
Julián Álvarez,alvarez,831,1 goal behind the top goal scorer this World Cup and he didn’t even start the first few games AND doesn’t take pens. What a first World Cup for Juli Alvarez already
Olivier Giroud,giroud,762,"1. It wasn’t a penalty as Di María fell too easy and has been a notorious flopper throughout his entire career.
2. Argentina’s second goal was a beautiful display of team passing and Messi’s magic.
3. The French coach made a mistake taking Giroud out of the game.
#WorldCup"
Cristiano Ronaldo,cr7,748,2 of Messi's assists this World Cup campaign have been better than any goal CR7 has scored in the last 2 years btw https://t.co/NgeRs1d8Zt
Cristiano Ronaldo,goat_contextual|ronaldo,729,"- 0 Goal Contribution in WC KO stage
- Never played in a World Cup Finals
- Never won a Golden Boot or a Golden ball in any international tournament
- Didn't contribute to the Euros Final that his team won

Ronaldo knew he could never be mentioned in any GOAT debate again https://t.co/KppQLZ3yZW"
Cristiano Ronaldo,cristiano,717,@_0MBH @Ultra_Suristic Cristiano is about to finish his career with 0 world cup knockout goals and Messi is about to have a world cup trophy and 2 world cup player of the tournament awards 😂
Lionel Messi,lionel messi|messi,634,"10) Lionel Messi 🤝 Kylian mbappe  equals Pele record for the most goal contributions in a single edition of the FIFA WORLD CUP TOURNAMENT, (10 G/A). 

Messi - 7G 3A 
Mbappe - 8G 2A."
Harry Kane,kane,623,"12/10 World Cup predictions

Portugal vs Morocco 
2-0 Portugal

Goals by Ramos and Fernandes

England vs France
2-1 England

Goals by Saka, Kane and Mbappe"
Harry Kane,harry kane,537,"1/(2018): France 🇫🇷 won the World Cup for the second time in 2018, 20 years after their first victory in 1998. Host Nation: Russia🇷🇺. Golden boot:Harry Kane ( 🏴󠁧󠁢󠁥󠁮󠁧󠁿) 6 goals  Cost: : $14.5 billion https://t.co/Xjkd9Ynzre"
Julián Álvarez,julian alvarez,516,"10 years ago: asking Leo Messi for a pic as big fan, dreaming of World Cup one day…

Tonight: Julián Álvarez from Calchín scores in World Cup semifinal.

WHAT A GOAL 

🕷️🇦🇷 #Qatar2022 #ARGCRO #ArgentinaVsCroatia Messi https://t.co/765fp117TW"
Luka Modrić,modric,410,"10' ⏰ Who will score the first goal?

#Brazil #Croatia #CROBRA #BRACRO #Brasil #betFIRST #WorldCup #FIFAWorldCup #Qatar2022 #Neymar #Modric #Richarlison"
Bukayo Saka,saka,410,@10Dazard @AFCRITZZ @RedWallNews1 Ain’t no one cocky mate we a good team we could of won the World Cup if the match wasn’t fixed saka went down no foul and they scored simple foul that was even French fans have said they shouldn’t of got that goal of you know football you know that shouldn’t be allowed
Emiliano Martinez,martinez_contextual,373,@1burnm It was a Shakespearean epic in the form of a football match. Past vs Future. Maybe the two greatest individual performances in a world cup final ever. Messi and Mbappe. The hat trick. The two goals from France in 3 mins. The last save from Martinez at the death. Absolutely unreal
Lionel Messi,leo messi|leo_contextual,353,"👕1,003 games
 793 career goals
One (1)World Cup
One (1)Copa America
Eleven (11)League Titles
Four (4)Champions League
Three (3)FIFA Club World Cup
Three (3)UEFA Super Cup
Seven (7) Ballon d'Or

Leo Messi's career masterpiece is now completed  🐐 https://t.co/HHyiZgLYxc"
Kylian Mbappé,kylian mbappe|kylian_contextual|mbappe,350,"10) Lionel Messi 🤝 Kylian mbappe  equals Pele record for the most goal contributions in a single edition of the FIFA WORLD CUP TOURNAMENT, (10 G/A). 

Messi - 7G 3A 
Mbappe - 8G 2A."
Neymar,neymarjr,312,"1 Brazil fan was caught stealing the khasi in the joy of Brazil winning by 4 goals to 1 yesterday. The incident happened at the Saudi market of Tanggab Union in Gafargaon, Mymensingh.

Source: Niguari Union news
@FIFAWorldCup 
#FIFAWorldCup2022 
@neymarjr https://t.co/2vmEBqEsg2"
Karim Benzema,benzema,299,"1. No European Champions
2. No Benzema, Kante, Pogba, Mane, Werner, Reece James, Chilwell, Jota and many more
3. Ronaldo, Messi past their prime
4. No footballing heritage in Qatar
5. Restrictions on fans

Most boring World Cup ???

#FIFAWorldCup 
#Qatar2022 
#WorldCup2022"
Marcus Rashford,rashford,253,"1 start 3 Goals in 5 world cup games 
Rashford underserved https://t.co/uJHNqfPyrZ"
Olivier Giroud,olivier giroud,246,"2018 fifa world cup
Olivier Giroud 0 goals 1 assist 
Griezman 3 goals 0 assists

2022 fifa world cup
Olivier Giroud 4 goals 
Antoine griezman 0 goals 3 assists ......

Not scoring a goal is sometimes part of the plan #Griezmann #FrancevsMorocco"
Cristiano Ronaldo,cr7|ronaldo,210,2014 world cup Ronaldo had a very weak Portugal team that were not expected to go far. He risked his career playing with an injury that he needed to rest to help his country. they got eliminated early with CR7 scoring a winning goal vs ghana and game tying assist vs USA.Bad luck https://t.co/WHum3XGno8
Bruno Fernandes,bruno fernandes|bruno_contextual|fernandes_contextual,200,"2 goals and 3 assists for Bruno Fernandes so far at the World Cup, he’s been superb!"
Lionel Messi,goat_contextual|lionel messi,141,"""2022 FIFA World Cup Qatar Final:

Argentina🇦🇷 vs France🇫🇷

Location: Lusail Qatar🇶🇦
Venue: Lusail Iconic Stadium

Time: Sunday 18/12/2022   07:00

🇦🇷Lionel Messi⚽⚽⚽⚽⚽ ✅
🇫🇷Kylian Mbappé⚽⚽⚽⚽⚽✅

#FIFAWorldCup #GOAT𓃵 #QatarWorldCup2022 https://t.co/CjcHHIxU7h"""
Cristiano Ronaldo,cristiano|ronaldo,140,"@10_9XM @ESPNFC Who wouldn't wanna talk about Messi ? The man has had a brilliant World Cup run so far , goals and assists ... And Ronaldo ? What should ESPN talk about ? His interviews ? Him walking out of a Man U match ? There's nothing positive that was done by Cristiano this year , NOTHING !"
Lionel Messi,goat_contextual,114,"@2_____2____ @Alsonn___ I rate Leo as the GOAT now due to his incomparable CV (7 Ballon d’Ors, 6 FIFA POTY, 3 UEFA POTY, 2 FIFA World Cup Golden Balls, 6x UCL Top Scorer, 6 European Golden Shoes, 4 IFFHS World Best Playmaker Awards, 1 World Cup, 3 UCLs, 700+ Goals and 300+ Assists)

What about you ?"
Cristiano Ronaldo,cr7|goat_contextual,112,"1/2
One Last Chance,One Last Dream,This is the last World Cup for Cr7,I love &amp; support you,Best of Luck my goat,Plz score atleast one goal today😭❤️🙏
#GOAT 
#cristianoronaldo 
#portugal 
#Qatarworldcup2022"
Kylian Mbappé,kylianmbappe,111,"* 12 World Cup goals in 14 games. 
* 6th-highest men’s World Cup scorer
* First hat trick in men’s final since 1966.
* 253 senior career goals.

Champion player.!

happy birthday, @KMbappe , the price of strong attitudes ! 

#KylianMbappe https://t.co/BlOJdy1ACt"
Lionel Messi,goat_contextual|lionel messi|messi,106,"1,003 games. 793 goals. 7 Ballons d’Or. One World Cup.

Lionel Messi's career masterpiece is complete. He is the greatest soccer player of all time #GOAT 🐐 #Messi𓃵 #Messi𓃵day https://t.co/adCPHLzd9F"
Cristiano Ronaldo,cristiano ronaldo|ronaldo,99,"@4d65737369 @itzwhyt @susezni @laligafrauds Cristiano Ronaldo did not have team mates to finish simple goals for his country 
Messi always had a better international team till now and also this Argentina were unbeaten for 35 games till the world cup 😂
Also Ronaldo has a fair bycycle kick disallowed against 2010 Spain 😂😂"
Lionel Messi,leo messi|leo_contextual|messi,96,"1,003 games. 
793 goals (+340 Assists). 
7 Ballons d’Or. 
One World Cup 🏆

Leo Messi's career masterpiece is complete 🐐
#Messi #FIFAWorldCup https://t.co/w0SsGkAbKM"
Jude Bellingham,bellingham,93,"@acspam2021 @ESPNFC Can't measure Casemiro's impact with goal scoring. He is the best defensive mid in the game. The world cup only strengthened that. Bellingham will be great but wasn't amongst the top 11. Bruno carried Portugal, was their best player. Bellingham was not the best player on Eng-yet."
Karim Benzema,karim benzema,86,"🏟 97 Games
⚽️ 37 Goals
🎯 20 Assists

🏆 Nations League
🥈 World Cup

❌ Karim Benzema has announced his retirement from international football! https://t.co/BHeP2QgCAg"
Cristiano Ronaldo,cristiano|goat_contextual,83,@1realdeezy @LaShuga1 @wise_moni @Femillionairee @kwadwosheldon @Cristiano You don't rate it and your he-goat is a joint top goal scorer of the world Cup scoring 4 of them
Emiliano Martinez,emiliano martinez|martinez_contextual,83,"@0noneoftheabove @mariamessina77 @DonnieDarkened @JackPosobiec Look it

World Cup revelation player: Enzo Fernandez shirt 24 

Best player of the cup 2022: 
Lionel Messi shirt 10

Best goalkeeper of the cup, who won the golden glove: 

Emiliano Martínez shirt 23

Top scorer of the 2022 World Cup: 

Mbappé 🇫🇷 who scored 8 goals. 
Shirt 10 https://t.co/hIdcBKOiI6"
Emiliano Martinez,emi martinez,81,2 pens in a world cup final is as good as 2 open play goals. The pressure is insane and against a GK like emi martinez who has built  a reputation for being elite at stopping pens. Stop being stupidly weird https://t.co/cVF3Y6oqeP
Rafael Leão,leao,81,"+12.25u💰💰

⚽️ World Cup 2020 🇶🇦 

To win:

Argentina 5/1 (1u) ✅💰
France 7/1 (1u)

Top goal scorer:
Mbappe 8/1 (.5u)✅💰
Jesus 25/1 (.25u)
Lewandowski 28/1 (.25u)

Top assists:
Messi 5/1 (1u) ✅💰
Leao 35/1 (.25u) https://t.co/39mMgUPQwy"
Emiliano Martinez,emi martinez|martinez_contextual,77,"2.Emi Martinez (Argentinan Goal Keeper) 
An unsung hero of the tournament. What a career he had, absolutely brilliant.He was struggling to be in the team before the World Cup,was always on loan while playing with clubs.From watching 2018 worldcup final as Audience to Winning it."
Neymar,neymar|neymarjr,77,"A bittersweet moment for @CBF_Futebol as @neymarjr tied Pele as the leading scorer in Brazil history with 77 goals despite being dumped out of the @FIFAWorldCup💥

#football #tracenchase #WorldCup2022 #WorldCup #WorldCup2022 #Qatar2022
#whodoyoucollect #neymar #SelecaoBrasileira https://t.co/3lic9pNBYN"
Marcus Rashford,marcus rashford,77,"#うひーメモ
投稿時間:2022-12-16 16:23:43
World Cup 2022: Marcus Rashford, Richarlison and Kylian Mbappe feature in best goals
https://t.co/s7MyFhN7BM
#ニュース"
Cristiano Ronaldo,cristiano ronaldo|goat_contextual,76,"4 goals and 3 assists for Messi in this World Cup, Imagine thinking Cristiano Ronaldo is better than Lionel Messi. 😭

Messi | GOAT | Penalty https://t.co/ziyMdUIqNX"
Bukayo Saka,bukayo saka,76,"3 games, 3 goals for Bukayo Saka at the World Cup.

Protect him at all costs. 

#ENG | #FIFAWorldCup https://t.co/7VT2s4Hw9c"
Luka Modrić,luka modric|luka_contextual,69,"1⃣6⃣1⃣ appearances
2⃣3⃣ goals
2⃣5⃣ assists
1⃣ x World Cup Runner Up
2⃣ x World Cup Semi-finalist

Luka Modric has been an incredible servant for Croatia 🇭🇷👏

#FIFAWorldCup #Qatar2022 #HRV https://t.co/XGXuyJ6kFR"
Vinícius Júnior,vinicius,67,"@089968Raph___ @FIFAWorldCup My friend, you don't understand football. Did you watch the game? Did you saw possesion of ball, did you saw Brozović and Perisic chance for goal, did you saw how Juranovic eat Vinicius...no my friend, you didn't saw anything."
Robert Lewandowski,lewandowski,66,"+12.25u💰💰

⚽️ World Cup 2020 🇶🇦 

To win:

Argentina 5/1 (1u) ✅💰
France 7/1 (1u)

Top goal scorer:
Mbappe 8/1 (.5u)✅💰
Jesus 25/1 (.25u)
Lewandowski 28/1 (.25u)

Top assists:
Messi 5/1 (1u) ✅💰
Leao 35/1 (.25u) https://t.co/39mMgUPQwy"
Vinícius Júnior,vini,65,1 Goal 2 Assists so far in this World Cup 🤩 Vini 🕺❤ https://t.co/vTcjrfBYQE
Neymar,neymar jr,63,"A player has scored a brace in the World Cup opener for the third consecutive World Cup

2014 - Neymar Jr. vs Croatia
2018 - Denis Cheryshev vs Saudi Arabia
2022 - Enner Valencia vs Qatar

#WorldCup #FIFAWorldCup #WorldCup2022 https://t.co/Mkv8EYaJRr"
Kevin De Bruyne,kdb,58,"1. #Mbappe𓃵 lit up the world cup scoring 4 goals in total. All NON-penalties. 

2. He went through murders row in #Messi's🇦🇷, Suarez's🇺🇾, Prime Hazard and KDB's🇧🇪, and Luka Modric's🇭🇷. 

3. Scored a goal in the final, making him the 2nd teenager to do so, right after Pele🇧🇷. https://t.co/ZSgdIhTqZy"
Vinícius Júnior,vinicius jr,58,"@10Ronaldinho What A START TO THE GAME !!!

Vinicius Jr with the Composure to Score the First GOAL of the Game!!!

#FIFAWorldCup2022 #WorldCup #WorldcupQatar2022 #Ronaldinho #OBruxo #DRYWORLD https://t.co/iDRjtp3tv4"
Lionel Messi,leomessi,52,"1,003 games. 793 goals. 7 Ballons d’Or. One World Cup.

#LeoMessi career masterpiece is complete 🐐

#ARG https://t.co/t0jVWgmUxr"
Julián Álvarez,alvarez|julian alvarez,52,"11 of the 12 goals Argentina have scored at this World Cup have come with Julián Álvarez on the pitch.

All 5 goals conceded have come when he was off it.

Argentina's unsung hero!🇦🇷

#Argentina #Alvarez #WorldCup2022 #Qatar2022 #FIFAWorldCup #helpbet https://t.co/mZ5RKJcNyx"
Enzo Fernández,enzo fernandez|enzo_contextual|fernandez_contextual,51,"@0noneoftheabove @mariamessina77 @DonnieDarkened @JackPosobiec Look it

World Cup revelation player: Enzo Fernandez shirt 24 

Best player of the cup 2022: 
Lionel Messi shirt 10

Best goalkeeper of the cup, who won the golden glove: 

Emiliano Martínez shirt 23

Top scorer of the 2022 World Cup: 

Mbappé 🇫🇷 who scored 8 goals. 
Shirt 10 https://t.co/hIdcBKOiI6"
Cristiano Ronaldo,cr7|cristiano ronaldo,51,"CR7 is ABD of football. Cristiano Ronaldo's World Cup career by numbers:

◉ 5 tournaments
◉ 22 games
◉ 8 goals
◉ 2 assists
◎ 0 trophies

A legendary international career will end without the greatest trophy of them all. 😪"
Bruno Fernandes,bruno_contextual,49,2 goals and three assists so far. Bruno Fernandez is really a gem. He is arguably Portugal's  🇵🇹 most important player in the ongoing 2022 Qatar World Cup https://t.co/tKbCNv27dR
Pedri,pedri,49,@abrabor_ Whilst He is scoring goals in  world Cup quarter finals Pedri is also watching him on TV
Luka Modrić,luka modric,47,"1. #Mbappe𓃵 lit up the world cup scoring 4 goals in total. All NON-penalties. 

2. He went through murders row in #Messi's🇦🇷, Suarez's🇺🇾, Prime Hazard and KDB's🇧🇪, and Luka Modric's🇭🇷. 

3. Scored a goal in the final, making him the 2nd teenager to do so, right after Pele🇧🇷. https://t.co/ZSgdIhTqZy"
Rafael Leão,rafael leao,47,"21-year-old Gonçalo Ramos—Three goals, one assist 
23-year-old João Félix—Two goals, two assists
23-year-old Rafael Leão—Two goals

Portugal’s young stars bringing it at the World Cup 🌟#Worldcup2022"
Kylian Mbappé,kylian mbappe|kylian_contextual|kylianmbappe,46,"▪️ 12 World Cup goals in 14 games
▪️ 6th-highest men’s World Cup scorer
▪️ First hat trick in men’s final since 1966
▪️ Almost led France to b2b titles

Kylian Mbappé is 23. #KylianMbappe is unreal ​​👏

#FIFAWorldCup https://t.co/wgpMsZJQ48"
Kylian Mbappé,kylianmbappe|mbappe,46,"12 World Cup goals in 14 games
First hat trick in men’s final since 1966
2nd World Cup where his team is in the finals
Yeah and also, Mbappe is only 23! What a legend! 
#KylianMbappe.  Remember the name. If you did not watch this game, you did miss the fun! #FIFAWorldCupFinal"
Lionel Messi,leomessi|messi,43,"172 goals at this world cup ,more than any of other world cup 
#FIFAWorldCup    #Qatar2022    #FIFAWorldCupFinal #WorldCup #ArgentinaVsFrance #ARGvFRA #FRAvARG #ARGvsFRA #FRAvsARG #Messi𓃵 #LionelMessi𓃵 #LeoMessi"
Jack Grealish,grealish,41,"▒▒▒▒ 23% minting ᴄᴏᴍᴘʟᴇᴛᴇ!

⚽️It's world cup day!!⚽️

The following 1/1 NFTs have now been minted in our #WorldCup2022 collection!

Grealish🏴󠁧󠁢󠁥󠁮󠁧󠁿
Lewandowski🇵🇱
Ronaldo (fat)🇧🇷
Mbappe🇫🇷

Plus a lot more! Minting is now Live👇

https://t.co/SDLFHpUW77

#Solana https://t.co/gex94E84Gw"
Casemiro,casemiro,41,"A beautiful team goal. A great pass from #Casemiro to assist #Richarlison's sublime goal. #Brazil 3-0 versus #Korea! 

@FIFAWorldCup and @FabrizioRomano and @GiuseppeRossi22 and @StatmanDave and @Naija_PR ⚽️ #BRAKOR 

#FIFAWorldCup #Qatar2022 #worldcup2022 https://t.co/9JiEdGTjw2"
Vinícius Júnior,vini jr,40,"• 1 goal
• 1 assist
• created the most chances

Vini Jr in his first 45 mins of the World Cup KO stage.✨💛 https://t.co/wFroEYMFK4"
Lionel Messi,leo_contextual|messi,40,"After 5 World Cup Campaigns,Leo holds these records in World Cup History....
▶️ Most MOTM awards (10)
▶️Most Goals By An Argentine (11)
▶️Most Assists By Active Player (8)
▶️ Most Goal Contribution (19)
▶️ Most Chances Created (70+)
▶️Most Successful Dribbles (120+)

Messi Things"
Cristiano Ronaldo,goat_contextual,40,"118 goals in 195 internationals for Portugal !!! 

Phew !! The legend called #christianoronaldo - the first man to score in 5 world cups - 8 World Cup goals !!! 

#GOAT𓃵"
Cristiano Ronaldo,cr7|cristiano,39,"⚽️2️⃣🇵🇹 Goncalo Ramos has scored more #WorldCup knockout goals in one night than @cristiano has scored in 16 years 😳

Do Portugal play better without #CR7? 👀 https://t.co/adn3lpXPo5"
Harry Kane,harrykane,37,2022 World Cup – Sunday 11 December 2022 https://t.co/iVtp6ijuiq #FIFAWorldCup2022 #Qatar2022 #WC2022Qatar #ThreeLions #England #HarryKane #France #EnglandVsFrance #portugalvsMorocco #Ronaldo #FIFA #VAR #Referee #wiltonsampaio https://t.co/mlTzCs4QGf
Vinícius Júnior,vinijr,36,"1 goal, 1 assist in 36 minutes on his FIFA World Cup KO’s debut. 

Remember the name, @vinijr https://t.co/vUVhxnfIwV"
Cristiano Ronaldo,cristiano|cristiano ronaldo,36,"BREAKING: #BNNPortugal Reports.

Portugal advanced to the FIFA World Cup in style, defeating Switzerland in the round of 16 with six goals despite benching their star player, Cristiano Ronaldo (@Cristiano). https://t.co/5XvA8NW158"
Eden Hazard,eden hazard|hazard_contextual,36,"126 caps. 33 goals. And truly incredible individual performances at the 2018 World Cup.

Eden Hazard gave his all for Belgium. https://t.co/6Sf4maurSh"
Rodrigo De Paul,de paul,35,"@433 Lionel Messi World Cup Playlist:

1. I'm finished (Intro)
2. Ghost (ft. Big Matches)
3. GOAT (Cristiano 🐐)
4. My Owner (Ft. Ramos)
5. Dickriding (Ft. De Paul)
6. Missing (Ft. UCL without Iniesta)
7. Goals (Ft. Tap in, can’t even score penalties 😭)
8. I Need You (Iniesta, Xavi)"
Kevin De Bruyne,de bruyne,35,"11 minutes and I’m sold on De Bruyne.

I imagine both him and Haaland have an increased desire to succeed following the World Cup.

Lovely goal but poor from Gomez.

#FPL #CarabaoCup"
Alisson,alisson,35,"@19Meridian77 @MCFC__BH Brazil were eliminated from the world cup, Alisson was in goal!"
Marcus Rashford,marcusrashford,34,"As an incentive, next World Cup the England team don’t get payed if they don’t bring the cup home. And every time @JPickford1 lets a goal in the England team has to pay into a public trust fund! #FIFAWorldCup @HKane @MarcusRashford @JackGrealish @BukayoSaka87 #ENGFRA"
Kylian Mbappé,kylian_contextual|mbappe,34,"4 goals in 2 World Cup finalS. 

KYLIAN KILLY KILLY MBAPPE."
Vinícius Júnior,vinicius junior,32,"2022 World Cup Goal-Creating Actions Leaders
(All Stats through Monday's games)

Kylian Mbappé🇫🇷 (6)
Jude Bellingham🏴󠁧󠁢󠁥󠁮󠁧󠁿 (5)
Jordi Alba🇪🇸 (4)
Vinicius Júnior🇧🇷 (4)
https://t.co/gUEfBMa343"
Declan Rice,declanrice,32,@_DeclanRice Has he ever scored 3 goals in a World Cup Final? NO!
Jude Bellingham,jude bellingham,31,"2022 World Cup Goal-Creating Actions Leaders
(All Stats through Friday's games)

Kylian Mbappé🇫🇷 (6)
Jude Bellingham🏴󠁧󠁢󠁥󠁮󠁧󠁿 (5)
Raphaël Guerreiro🇵🇹 (4)
Jordi Alba🇪🇸 (4)
https://t.co/cNk3f4DZVA"
Mason Mount,mason mount|mount_contextual,30,40 year old Pepe more goals than Mason mount in this World Cup
Eduardo Camavinga,camavinga,28,@_adofoasa__ Camavinga has had less touches than all the goal keepers in this World Cup
Cristiano Ronaldo,cr7|goat_contextual|ronaldo,28,"1️⃣ goal! That's all he scored in this World Cup. The "" #GOAT "" disappeared when his country needed him the most. In fact, they carried him into the quarterfinals. He had to be benched TWICE! Huge disappointment!!!
#FIFAWorldCup #WorldCup2022 #Ronaldo #CR7 #Portugal #POR https://t.co/QYbArbVKii"
Jude Bellingham,jude bellingham|jude_contextual,26,"19-year-old Jude Bellingham for England at the 2022 World Cup.

◉ Most duels won (33)
◉ Most tackles made (16)
◉ Most possession won (31)
◉ Most take-ons completed (6)

One goal, one assist. He'll be back. 😤 https://t.co/dk40rtOrAr"
Harry Kane,harry kane|kane,26,"After all the 'Harry Kane never misses' &amp; 'Kane has most goals from penalties in World Cup history' revelry from English fans/pundits after his first penalty, I kinda thought Lloris - a very good keeper - might save second one. Didn't expect this. #FIFAWorldCup2022 https://t.co/YNz4My8vG2"
Lionel Messi,goat_contextual|leo messi|leo_contextual,25,"🏟 1,003 games
⚽️ 793 goals
👑 7 Ballons d’Or
🏆 One World Cup

LEO MESSI IS THE GOAT 🐐

#FIFAWorldCup https://t.co/EWWfCUaQwn"
João Cancelo,cancelo,24,@austinvin07 @goal All the city players were shocking at the World Cup. Bernado Silva and Cancelo were complete shit
Harry Kane,harry kane|harrykane,23,"Another angle of Kylian Mbappe's reaction to Harry Kane's missed pen.
🎲𝑅𝑒𝑔𝑖𝑠𝑡𝑒𝑟 ℎ𝑒𝑟𝑒: https://t.co/3nDbNA1vqD
👉𝑅𝑒𝑔𝑖𝑠𝑡𝑒𝑟 ℎ𝑒𝑟𝑒: https://t.co/F0wLRMHIFQ
#Video #FIFA #KylianMbappe #harrykane #FootballUnitesTheWorld https://t.co/e9j8j9L36Y"
Trent Alexander-Arnold,trent,23,"1-0 down at halftime, needing a goal or else you’re out of the world cup. Europe’s most creative player sitting on the bench. but southgate won’t sub on trent lol. that’s fine though at least he’ll be fresh for us!"
Sadio Mané,mane,22,"1. No European Champions
2. No Benzema, Kante, Pogba, Mane, Werner, Reece James, Chilwell, Jota and many more
3. Ronaldo, Messi past their prime
4. No footballing heritage in Qatar
5. Restrictions on fans

Most boring World Cup ???

#FIFAWorldCup 
#Qatar2022 
#WorldCup2022"
Emiliano Martinez,emiliano martinez,22,"1st time watching foot ball match and fifa world cup final #Messi𓃵 #FIFAWorldCup2022 ,special mention for goal kepper Emiliano martinez https://t.co/U3xYZSWKc3"
Emiliano Martinez,dibu,22,"@abdullahAB17_ @goal @FIFAWorldCup You have good eyes for the sport. This was my lineup as well before the final. I’m pretty sure this would have been their exact lineup but for Dibu’s heroics in the final. That was what pushed Livakovic out for me, and it must be the same for @goal as well."
Kyle Walker,walker_contextual,21,@AFCHanlol @goal Mbappe cannot do anything to walker since this world cup have started against england was the worsted game
Lionel Messi,lm10,21,"1,003 games. 793 goals. 7 Ballon d'Or . A World Cup LM10’s life journey is complete.🐐✨
it doesn’t matter what your team is we all celebrate tonight.
🇦🇷 🇧🇷
The ending is beautiful🏆
@leomessiprivate  🫡💖 https://t.co/r1cjvYISx8"
Julián Álvarez,julianalvarez,20,"11 of the 12 goals #Argentina have scored at this World Cup have come with #JULIANÁLVAREZ  on the pitch.

All 5 goals conceded have come when he was off it.

@Argentina's unsung hero. #Egesports @AbimbolaLameed #akdonsports https://t.co/XNs0yRieec"
Mason Mount,mount_contextual,19,"@4554zone @CFCAzM See this donkey he scored the only goal in your ucl final, scored the winning goal in the club World Cup final, was a beast against Liverpool in the fa cup final, always comes clutch for Chelsea in big games you can cry more bro mount is trash 😂"
Cristiano Ronaldo,cr7|cristiano|ronaldo,19,"@ChampionsLeague No hate for anyone but it was CR7 because of whom I followed this Fifa WC, now let's support #Messi𓃵 so that Argentina ends up winning this WC.
If not Ronaldo then Messi.

Neither #Cristiano nor #Messi𓃵 deserves hate..."
Lionel Messi,goat_contextual|leo messi|leo_contextual|lionel messi|messi,17,"Happy for the Lionel Messi The GOAT ♥️🐐👑
What a final, what a goal, what a win for Argentina. That's why Leo Messi my GOAT your dream, determination and hard work pay off. Congratulations to Argentina for winning the FIFA World Cup final 🫶💯
#FIFAWorldCup #Messi𓃵 #Mbappe https://t.co/VFWdLOivjU"
Kylian Mbappé,kylian_contextual,17,"@BAddict1899 @TheAthleticFC @stujames75 @charlotteharpur France were inexistant for 70 minutes, then woke up and Kylian scored a magnificent goal and 3 penalties in 40 min on the best penalty keeper of the tournament during a WORLD CUP FINAL. That’s why he got a high mark. This being said, 8 or 9 they both should have got the same mark"
Neymar,neymar|neymar jr,16,"fifa world cup 2022 quarter final, FIFA World Cup: Wow! Kya bhaukaal hai… Eyes won’t believe after seeing Neymar Jr’s goal – fifa world cup neymar thrilling goal video joins ronaldo and pele in elite list brazil beat south korea – News X https://t.co/CQXPpYf1zg"
Cristiano Ronaldo,cristiano ronaldo|goat_contextual|ronaldo,16,"@ChaaliiyKay You're very funny I know here goes your 15 minutes of clout.

Ronaldo de Lima's last world cup was in 2006 and he was 30 years old with only 3 goals in 5 matches with a dream Brazilian team. Cristiano Ronaldo is the goat because at nearly 38 he's still performing at that level"
Cristiano Ronaldo,cristiano|goat_contextual|ronaldo,16,"@AQ44628273 @mvsrapp Ronaldo has a poor statistic against South American teams but he played 4 competitive matches and Messi with 2 goals in 14 competitive matches against European teams is the GOAT 🤣🤣🤣

Yes Cristiano was MOTM in the match against Brazil from the World Cup. Document yourself https://t.co/KihTQ8rNcn"
Lionel Messi,goat_contextual|leo messi|leo_contextual|lionel messi,15,"It's real. It's happened.

Lionel Messi and Argentina are champions of the world 🏆

No more words needed

1,003 games. 793 goals. 7 Ballons d’Or. One World Cup. 

You deserve it

Leo Messi's career masterpiece is complete 🐐

Congratulations THE GOAT 🐐👑 

#argentina #Messi10 https://t.co/WhV7jYZGWt"
Ederson,ederson,15,"@Alvarez19SZN Ederson will ruin their efforts country or club who won ucl or world cup has good keeper,argentina has concede 2 goals against netherland and france and would have bootled if they didnt have martinez so forget about wining ucl as long as ederson is our keeper"
Lionel Messi,leo_contextual,14,"1,003 games, 793 goals, 7 Ballons d’Or, 
 One World Cup.
Leo 🐐 
Argentina wins The FIFA World Cup 
And 
World cup wins The Mesi.... https://t.co/KFSrHlE0gf"
Cristiano Ronaldo,cr7|cristiano ronaldo|goat_contextual,14,"⏰ 50’ | Ramos with his second goal of the night! 🔥

🇵🇹 3-0 🇨🇭

#PORSWI #PORZWI #Portugal #Switzerland #CR7 #Cristiano #Ronaldo #Ramos #Pepe #CristianoRonaldo #GOAT #Qatar2022 #WorldCup #WKVoetbal #betFIRST https://t.co/oENVKfTKhR"
Lionel Messi,goat_contextual|leo messi|leo_contextual|messi,14,"1,003 games. 793 goals. 7 Ballons d’Or. One World Cup.
Leo Messi's career masterpiece is complete 🐐 The GOAT has completed FOOTBALL 💪🏼
#Messi𓃵 #Argentinaganólacopadelmundo https://t.co/VamAlumJmV"
Son Heung-min,son_contextual,14,"⏱️ 60' | South Korea doesn't give up and continues to hunt for a goal 👏

🇧🇷 4-0 🇰🇷

#BRAKOR #Brasil #Brazil #Korea #Neymar #Richarlison #Son #WorldCup #WC2022 #WK2022 #WC #WK #Qatar2022 #FIFAWorldCup #betFIRST #live #BRA #KOR https://t.co/dVaru6tUfI"
Sadio Mané,sadio mane,14,"🎄 Day 🔟 of our #LFC Advent Calendar:

🔴 269 Appearances
⚽ 120 Goals
🏆 Champions League
🏆 Super Cup
🏆 FIFA Club World Cup
🏆 Premier League
🏆 Carabao Cup
🏆 FA Cup

What a player Sadio Mane was for us 👏 #LFC 

https://t.co/Y769zGo0o0"
Olivier Giroud,giroud|olivier giroud,13,"RT @NeerajKumarJad1: Amazing goal by Giroud within a minute of a missed chance. 
England was never the favourite at penalties. It's a perennial Quarter Final Team with few exceptions. 

#FIFAWorldCup
#ENGFRA
France's Olivier Giroud scores goal vs. England in 77' | 2022 FIFA https://t.co/RNsj4WqQ4z"
Jack Grealish,jack grealish,13,@athar0908 The result is all that matters. If you don’t play your most inform player pre World Cup and during the World Cup and you lose you deserve the disrespect that comes after. Never mind thrown in jack grealish instead of Trent when you need a goal.
Kyle Walker,kyle walker|walker_contextual,13,"@AaronBastani @PaulSimon1971 @jimmyt_jpeg Yes, FIFA is totally corrupt as we know. We also know the ref was bent. France should have had ten men due to last man foul fir second pen. + many other obvious fouls against England not given. Kyle Walker totally bossed diving cheat Mbappe."
Lionel Messi,goat_contextual|leo messi|leo_contextual|leomessi|lionel messi|messi,13,"Lionel Messi The GOAT 🐐👑
What a final, what a goal, what a win for Argentina. That's why Leo Messi my GOAT. Congratulations to Argentina for winning the FIFA World Cup final 🫶💯
I- 😭😭🇦🇷🫶🏻
#LionelMessi #LionelMessi𓃵 
#Messi𓃵 #Messi #LeoMessi 
#GOAT𓃵 #ArgentinavsFrance https://t.co/PhNpnH2tLA"
Lionel Messi,lm10|messi,13,"4 MOTM is really crazy
Messi at 35 still shows he's the greatest of all time, there's no catching him
Ronaldinho didnt want to miss d show 
Today I watched my best game of the world cup
What a goal from Alvarez 
This proves there's only 1 LM10

Haland Modric Rigged Fifa Dybala https://t.co/ckGBFZkGHs"
Lionel Messi,goat_contextual|leomessi|messi,13,"Congratulations to Argentina for becoming the world champions !!!! 
#FIFAWorldCup2022 #Messi #leomessi #mbappe #kylianmbappe #GOAT #ArgentinaVsFrance #worldcup #france #WorldCup2022 #footballsunday #argentina #france #footballworldcup #FIFA #football #soccer  #sports #Team #goals https://t.co/xGjOz0NvJ4"
Bruno Fernandes,fernandes_contextual,13,"12/10 World Cup predictions

Portugal vs Morocco 
2-0 Portugal

Goals by Ramos and Fernandes

England vs France
2-1 England

Goals by Saka, Kane and Mbappe"
Thibaut Courtois,courtois,13,"Courtois was flop in Laliga but monster in #ChampionsLeague

Emi Martinez 🐐 was decent in his Mid club and has given one of the greatest #WorldCupFinal and #WorldCup performance by any Goal keeper in history like Khan and Buffon.

I look forward to seeing is rank in Ballon D'or https://t.co/4R436zmadb"
Lionel Messi,leo messi|leo_contextual|lionel messi,12,"🚨DID YOU KNOW: Lionel Messi at World Cup:

◾ 7 Goals ✅
◾ 3 Assists ✅
◾ 5 MOTM ✅
◾ Player of the Tournament ✅
◾ Champion ✅

Deserved it all, one and only, Leo Messi! 🇦🇷❤️ https://t.co/VCyxphJogN"
Son Heung-min,sonny,12,astagfirullah this is illegal let my boy sonny get a world cup goal atleast 😔😔
Karim Benzema,benzema|karim benzema,12,"Big blow for the defending champions!

Ballon d'Or winner Karim Benzema has been ruled out of the 2022 FIFA World Cup, two days before France's opening match against Australia. 

#FansConnect #Afrosport #Benzema #France #WorldCup2022 #WorldCup #Qatar2022 https://t.co/WonEt3yfTQ"
Kylian Mbappé,kylian mbappe|kylian_contextual|kylianmbappe|mbappe,12,"4 - Kylian Mbappé has scored more World Cup final goals than any other player in the tournament's history (4)

#mbappe #neymar  #messi #football #fifa #ronaldo #soccer  #france  #kylianmbappe #cristianoronaldo #mbapp https://t.co/23LlY7l9s4"
Bernardo Silva,silva_contextual,12,@austinvin07 @goal All the city players were shocking at the World Cup. Bernado Silva and Cancelo were complete shit
Enzo Fernández,fernandez_contextual,12,"ARGENTINA 1/4 FIFA world cup Statistics

4️⃣ Games Played  

7️⃣ Goals Scored

3️⃣ Goals Conceded

2️⃣ Cleansheet

🚨Most Goals
L.Messi 3️⃣

Most Assists :Messi, Otamendi, Fernandez,Dimaria , Molina 1️⃣ https://t.co/UOdK8jrabd"
Rodrigo De Paul,depaul,11,"@AlbicelesteTalk My copa 24 team

Dibu

Molina ota/licha romera acuna
DePaul enzo/parades mac/lo celso
Di Maria alvarez/lautaro messi / dybala 

Don’t include that crap grancho let him play for portughal he can post for ronaldo goal but not a post for his country’s World Cup lol permanent ban him"
Declan Rice,declan rice|rice_contextual,11,@ConnCFC Declan rice to score is first world cup goal for england
Rodri,rodri,11,"@CFC_Karl Enrique's Spain had a massive issue with scoring goals. Since beating Georgia 4-0, they've only scored more than 2 goals 3 times, coming against Jordan, Iceland and Costa Rica. 18 games, including losing to Japan and Morocco in the World Cup. Played Rodri at CB etc..."
Karim Benzema,karimbenzema,11,"France's injuries heading into the World Cup 💔🤕
#France 
#karimbenzema 
#WorldCup2022 
#WorldCup https://t.co/o6F65eAjcE"
Thiago Silva,thiago silva,11,At 38 years-old and 74 days Thiago Silva becomes the oldest male footballer to assist a goal in a World Cup match. 🍷 https://t.co/pPKDFpg9zk
Karim Benzema,karim benzema|karimbenzema,10,"⚽After France's World Cup defeat, Karim Benzema announces his retirement from international football. This ends his international career with 37 goals in 97 matches. 

#KarimBenzema #FIFAWorldCup #SportsNews https://t.co/l55Kwwd0so"
Thiago Silva,silva_contextual|thiago silva,10,"Can someone point to me a player (from any field position) currently playing who has a better football intelligence than Thiago Silva aside Messi?
I'm waiting.

Brazil Korea Neymar World cup Mbappe Tinubu Jagaban Chetham House Chelsea Arise TV Goal"
Eden Hazard,hazard_contextual,10,2 World Cup Knockout goals whilst Hazard stood and watched. De Bruyne carried Belgium all these years https://t.co/GUp1HolN0j
Cristiano Ronaldo,cr7|cristiano|goat_contextual,10,"...at this point whether @Cristiano decides to do the impossible and defy logic to ensure he's called up for 2026 World Cup, or he decides to win it as a Manager, or leaving it to Cristiano.Jr. I just want the #CR7𓃵 #GOAT𓃵 to score 1000 Goals."
Aaron Ramsdale,ramsdale,10,A reminder that Ramsdale has conceded zero goals in the world cup but Mr Gareth Haramball decided to start Pickford
Rodrigo De Paul,rodrigo de paul,10,"Any Messi picture in Argentina 🇦🇷 you don’t see Rodrigo De Paul just know that he is the one taking Messi the picture 📸 
#WorldCup2022 https://t.co/B6VgUIQlmF"
Lionel Messi,leomessi|lionel messi|messi,9,".@Cristiano Ronaldo &amp; Lionel Messi unite for their 1st ever joint promotion as the legendary duo play chess together in an advert for @LVMH before the start of the #WorldCup2022. 🔥🔥

#CristianoRonaldo #Cristiano #leomessi #Messi𓃵 #LVMH #QatarWorldCup2022 #Qatar #Qatar2022 https://t.co/0M5ipmQJzD"
Son Heung-min,son heung min|son_contextual,9,"10. Son Heung-Min

The Man in the Iron Mask failed to register a single goal in the World Cup with South Korea &amp; his plethora of goals from last season in the EPL fell off a cliff. He barely cracked the top 25 scoring list but has the tools (&amp; set pieces) to reclaim top 5 status. https://t.co/OmfhZg0fkg"
Casemiro,case_contextual,9,"@2026_worldcup_ @brfootball The only case deserves to compare to Messi is Pele because he ""won"" 3 World Cup. 

However he won 2nd trophy in hospital. In the 3rd trophy, he only scored 1/11 goals Brazil scored in KO stage, he won by a too strong Brazil."
Marcus Rashford,marcus rashford|rashford,9,"Erik ten Hag challenges Marcus Rashford to 'keep this attitude and this performance level': Man United doubled their lead 12 minutes into the second half when Rashford, scorer of three goals during the World Cup, went on a run taking the ball from his… https://t.co/8ZblUYDope"
Harry Kane,harrykane|kane,9,"RT @thesportsbreeze: And that’s all for the quarterfinals!
England 🏴󠁧󠁢󠁥󠁮󠁧󠁿1-2🇫🇷 France

•

#sportsbreeze #fifaworldcup #fifaworldcup2022 #worldcup #fifa #fifaworldcupqatar2022 #qatar #england #france #giroud #tchouameni #kane #harrykane 
📷 ©433 https://t.co/3f3lMdcr2P"
Cristiano Ronaldo,cr7|cristiano|cristiano ronaldo,9,"Club World Cup Top Scorer: Cristiano Ronaldo 🇵🇹
Most week foot Goals : Cristiano RonaldoMost International Competitive goals: Cristiano Ronaldo
Most Goals in UCL finals: Cristiano RonaldoMost Header Goals : Cristiano Ronaldo 🇵🇹Only player to win 400 games in 21st century Cr7"
Jude Bellingham,jude_contextual,9,"@England @FIFAWorldCup Jude Floppingham has himself a GAME! 🔥

0 goals🆙🆙
0 assists🤩🤩
0 chances created😝😝
0 key passes😤😤
13 flops🥵🥵
12 tears shed 😢😢

Better than Milner? IN HIS DREAMS 😭😭"
Cristiano Ronaldo,cr7|cristiano ronaldo|ronaldo,9,Before the World Cup! I said Portugal’s best striker and starting striker should be Goncalo Ramos over Cristiano Ronaldo &amp; Cr7’s fans thought I was hating. Ramos benches Ronaldo after horrible performances in the group stages and he has 2 goals in the knock out stages. Cr7 has 0
Luka Modrić,lukamodric,9,"""Art Study

#LukaModric #FIFAWorldCup #sketch https://t.co/VTxhlTQl3N"""
Bernardo Silva,bernardo silva|bernardo_contextual|silva_contextual,8,"@AkpraiseMedia If all the players are off the field, the opponent can kick-off and score goal.. so that one has to stay inside the pitch… Bernardo Silva also did the same in Portugal’s match in this world cup so that other team cannot start."
Emiliano Martinez,dibu martinez|martinez_contextual,8,"Argentina team Worldcup some positive
Main Messi as leader nd opponent fear of him nd he has been best player 
Dibu Martinez two penalties knockout bail out nd save the team
Julian Alvarez all the vital goal 
Enzo Fernandez that holding midfielder role mde defence smooth"
Enzo Fernández,enzo_contextual,8,"Argentina was never a favourite in the World Cup. If this is our final match , I am glad that we played well, kept the ball, produced some great goals, we had glimpse of future generations on Alvarez, Enzo, Lisandro and we have Thiago Almada, Garnacho, Pablo Solari, Alan Varela.."
Julián Álvarez,alvarez|julianalvarez,8,Alvarez has been involved majorly in the build up to both the goals + the amazing work rate and tracking back all over the pitch. Immense #JulianAlvarez #WorldCup
Bernardo Silva,bernardo silva,8,Bernardo Silva could have done better. You should get that nearer to the goal. #WorldCup
Robert Lewandowski,robert lewandowski,8,"Cristiano Ronaldo in the World Cup KO’s:

0 Goals
0 Assists
7 Matches

Robert Lewandowski in the World Cup KO’s:

1 Goal
0 Assists
1 Match

If I speak..."
Moisés Caicedo,moises caicedo,8,"First up is the hosts Qatar v Ecuador is what is really a underwhelming opener. I’m backing Ecuador to win 0-2 lead by the Brighton trio of Estupinan, Sarmiento, and Moises Caicedo #WorldCup2022 🇶🇦🇪🇨"
Declan Rice,rice_contextual,7,"""FIFA WORLD CUP 2022
PLAYERS WHO HAVE IMPRESSED
D. ENGLAND
1. SAKA
2. RICE
3. FODEN
4. BELIGHAM

E. GERMANY
1. MUSIALA

F. ECUADOR
1. VALENCIA
#FIFAWorldCup"""
Lionel Messi,leo_contextual|lionel messi,7,"Lionel Messi becomes the first player ever to score a goal in the group stage, round of 16, quarter final, semi final and final in a single World Cup tournament. 

He’s achieved this at the age of 35😳😱

Long live King Leo 🤴

#ArgentinaVsFrance  #WorldCup  #LionelMessi𓃵"
Bukayo Saka,bukayo saka|saka,7,"""0 dribbled past / 1 big interception vs Bukayo Saka (premtards said Saka cooked him) 
0 dribbled past vs Hakimi &amp; Ziyech

but ""Theo can't defend""."""
Lionel Messi,leomessi|lionel messi,7,"Congratulations to Argentina! Glorious victory for Lionel Messi on his last WorldCup. What an incredible match! 🇦🇷🥇🏆⚽️🎉 #fifiworldcup2022 #football #Champions #leomessi #argentina #legend  #Goal #victory

https://t.co/yjsuTJX72c https://t.co/nnAEwjdtL8"
Cristiano Ronaldo,cristiano|cristiano ronaldo|ronaldo,7,Cristiano Ronaldo's FIFA World Cup ends in tears | Football News ⁦@FIFAcom⁩ ⁦@FIFAWorldCup⁩ ⁦@Cristiano⁩ ⁦@Twitter⁩ # disaster decision of Portugal old coach for benching Ronaldo in the quarter final? Coach Ego 👎🏿👎🏿👎🏿?????? https://t.co/NJeJjLeIsU
Marcus Rashford,marcusrashford|rashford,7,"Both @MarcusRashford &amp; @KMbappe at 24 are better than what @Cristiano was at that age. #Ronaldo had world-class players around him at @ManUtd who worked their socks off, while he scored the goals. Rashford is #MUFC's main man, a team in transition. Mbappe is a World Cup winner."
Moisés Caicedo,caicedo,7,"A player to watch Moisés Isaac Caicedo Corozo ❤️‍🔥🥵🐐
 #FIFAWorldCup #WorldCup2022  we’re here babe! #QATECU https://t.co/I6ricXQFl7"
Nathan Aké,ake,7,@AbzSemtex @Goat7ii @SazMCFC @goal @FIFAWorldCup Warra wc for ake
Thiago Silva,silva_contextual,7,"""FIFA WORLD CUP 2022
PLAYERS WHO HAVE IMPRESSED
M. IRAN
1. TEREMI

N. BRAZIL
1. SILVA
2. ANTONY
3. PAQUETA

O. SPAIN
1. MORATA
2. PEDRI
#FIFAWorldCup"""
Kylian Mbappé,mbappee,7,117' GOAL MBAPPEE HATTRICKK IN THE WORLD CUP FINAL! 3-3 UNBELIEVABLE FINAL
Kaoru Mitoma,mitoma,7,"@FIFAWorldCup Richarlison's Bicycle Goal  🇧🇷 Vs Serbia
And Ao Tanaka's Goal 🇯🇵 Against Spain which was Superbly Assisted by Mitoma"
Lionel Messi,leo messi|leo_contextual|leomessi,7,"1,003 games. 793 goals. 7 Ballons d’Or. One World Cup.
Leo Messi's career masterpiece is complete 🐐
#worldcup #qatarworldcup #leomessi #lionelmessi #qatarworldcup2022 https://t.co/6KpXBeOy3A"
Cristiano Ronaldo,cristiano|cristiano ronaldo|goat_contextual,6,"Always Loved watching Cristiano Ronaldo’s play , Now 18-year World Cup career is officially over.

He's broken goal records, he's broken appearance records, he won the Euros, he had nothing left to prove. #GOAT𓃵  #Cristiano 

An incredible international career! 🇵🇹 #FIFAWorldCup https://t.co/VsOGbkKFCx"
Jack Grealish,jackgrealish,6,9 years ago @JackGrealish scored his first goal. On Saturday he will be playing in a world cup quarter final 🤯 https://t.co/H83luJIQub
Alisson,alissonbecker,6,"@FIFAWorldCup I think the best goal kepper is @AlissonBecker From @brazil becasue the match I watched yesterday,he caught the ball until full time. @brazil  4 @southkorea 1"
Kevin De Bruyne,kevin de bruyne,6,"Brazil vs Belgium 2018 FIFA World Cup Match Highlights
Brazil vs Belgium 2018 FIFA World Cup Match Highlightsifinals. A Kevin De Bruyne goal and an own goal
#BrazilvsBelgium #premierleagues #football 
https://t.co/Oo4dOVQXDy https://t.co/xFGHeTH205"
Julián Álvarez,julian alvarez|julianalvarez,5,"Dreams do come true! 

10 years ago, #JulianAlvarez asked #LionelMessi for a photograph as he was a big fan of his and dreamed of playing #FIFAWorldCup one day. 

Yesterday, Julian Alvarez scores a goal in the World Cup semi-final for Argentina.

Hard work always pays off. https://t.co/P7902ljPub"
Son Heung-min,son heung min,5,"🏆 | FIFA World Cup Qatar 2022

Son Heung-min 🇰🇷
(Premier League Stats)

🔹Games: 13
🔹FPL Points: 53
🔹Goals: 3
🔹Assists: 2
🔹Attempted assists: 28
🔹Big chances created: 2
🔹Total shots: 36
🔹Shots on target: 17
🔹Big chances: 4 https://t.co/S5pM8wIa69"
Karim Benzema,benzema|karimbenzema,5,2022 World Cup: Big Loss For France As Benzema Ruled Out of Tournament https://t.co/7Q9Ld5YhEI @Benzema #WorldCup #WorldCup2022 #karimbenzema #QatarWorldCup2022 #Qatar2022
Mason Mount,masonmount,5,@ChelseaFC @ChelseaFCW @MasonMount This one still useless even after World Cup he is nothing. Now this team really need creative midfield just like Leo Messi in Argentina Team. Must through pass ball must feeder the striker to make a chances to score a goal.
Luka Modrić,luka modric|luka_contextual|modric,5,"Lionel Messi vs Luka Modrić at international level...

2006 🇦🇷 2-3 🇭🇷
Messi scored his first Argentina goal, Modrić made his international debut

2018 🇦🇷 0-3 🇭🇷
Modrić scored, Croatia went on to reach the World Cup final

A third meeting in a third decade awaits."
Lionel Messi,goat_contextual|leo_contextual|messi,5,"@FIFAWorldCup I normally don't like this ? but it's time to say the GOAT question is not between Ronaldo and Messi, but between Mbappe and Lionel. Kylian is young, has time to win more. Leo is much more than just scoring goals: a creator, a magician and an inspirational leader for Argentina"
Trent Alexander-Arnold,trent alexander arnold,5,@EASPORTSFIFA @EAHelp my sons fifa players on ps5 have had red card bans now for way over 2 games. His voller card still showing red card after 10 games and Trent Alexander Arnold has been on a red card for 6 games. Is this yet another issue that’s being looked into
Lionel Messi,leo messi|leo_contextual|lionel messi|messi,5,"🚨DID YOU KNOW: Lionel Messi at World Cup:

◾ 7 Goals ✅
◾ 3 Assists ✅
◾ 5 MOTM ✅
◾ Player of the Tournament ✅
◾ Champion ✅

Deserved it all, one and only, Leo Messi! 🇦🇷❤️ #FIFAWorldCup #Messi𓃵 #ArgentinaVsFrance #LionelMessi𓃵 #FIFAWorldCup2022 #FIFAWorldCup2022Final https://t.co/PuuQXHUvOz"
Luke Shaw,shaw_contextual,5,*A reminder that Rashford has finished as England's joint top scorer at the world cup. Saka has finished with two goals despite playing more minutes. Ben White and Ramsdale haven't played a single minute while Maguire and Shaw were key players of the squad playing every minute!*
Lionel Messi,lionel messi|lm10,5,"@FIFAWorldCup @TeamMessi Lionel Messi has now scored more major tournament goals than Cristiano Ronaldo:

◉ 23 - LM10
◎ 22 - CR7

But there is another Ronaldo ahead of them both. 🫡

#FIFAWorldCup https://t.co/CQDadGKawt"
Luka Modrić,luka modric|modric,4,"😏 Did you know that Leo Messi scored his first goal for Argentina after losing the ball to Luka Modrić? 

🌟 It was a friendly match in 2006, Modrić's debut in the national team 

#Dexsport #Web3 #FIFAWorldCup #WorldCup #WorldCup2022 #Qatar2022 #ArgentinaVsCroatia #Messi #Modric https://t.co/3w581mwMZG"
Rúben Dias,ruben dias,4,fernando santos na ruben dias wako responsible for letting bootleg africans into the semi finals for the first time at the expense of the GOAT.FIFA should investigate.
Neymar,neymar junior,4,@FabrizioRomano Say hello to the genius of the time who has just equaled Pelé (77) as the TOP ALL-TIME SCORER FOR THE BRAZIL TEAM.  And he did it by scoring a very important goal in a World Cup.  What crack is Neymar Júnior.  RECORD IN THE STOCK EXCHANGE.
Kaoru Mitoma,kaoru mitoma,4,"@FIFAWorldCup @adidasfootball If you watch a replay of the strike by  Kaoru Mitoma after the crazy run he had, it struck the defenders hand. You can see it on the slowmo replay from behind shown on the coverage. Pretty sure the Croatian defender was inside the box. Being direct shot on goal surprising no VAR!"
Kyle Walker,kyle walker,4,@footballdaily He did well this tournament. But he throw away a the game against Croatia last World Cup and against Italy in the finals. Funny enough he scored first in all two of those games. But his defensive tactics. And playing Kyle walker in a back 3 was awful. But He need goal this time
Antonio Rüdiger,rudiger,4,"@iMiaSanMia @kerry_hau @berger_pj Sule and rudiger, playing upfront at the world cup, costs us 3 goals.... 🤡🤡🤡🤡🤡🤡🤡🤡🤡🤡"
Lionel Messi,lionel messi|lm10|messi,4,"After the World Cup, probably the world will get to accept that  CR7, is the greatest goal scorer while Lionel Messi, the greatest football player 

…that ever lived.📌

#FIFAWorldCup 
#CR7𓃵 
#LM10 
#Ronaldo𓃵 
#Messi𓃵"
Lionel Messi,goat_contextual|leomessi,4,"Argentina since day 1🇦🇷🤍💙 
#worldcup2022 #leomessi #Goat #Argentina #qatar2022 @ Qatar2022 https://t.co/5rCjsnbHWS"
Neymar,neymar jr|neymarjr,4,@FIFAWorldCup @neymarjr Awesome goal Neymar jr
Trent Alexander-Arnold,taa,4,RT @TAA_blog01: World Cup: Argentina Under FIFA Investigation After Penalty Win Over Netherlands https://t.co/yyQDOHYyFC
Kevin De Bruyne,kevindebruyne,4,@goal @KevinDeBruyne after flopping at the world cup
Luke Shaw,luke shaw,3,I don’t think a team starting luke Shaw Harry Maguire Jordan Pickford Jordan Henderson can win a World Cup goal
Marcus Rashford,marcus rashford|marcusrashford,3,"@Geoffjohmson11 @GaryLineker @MarcusRashford Please Geoff Johnson, don't comment on Football anymore. You are embarrassing yourself!
Marcus Rashford has been sensational, 3 goals in the World Cup, and a World Class strike against Burnley!"
Kevin De Bruyne,debruyne,3,"NEARLY THE END OF WORLD CUP AWARDS: 

😍 Best player #Messi𓃵
😮 Underrated gem  #Amrabat
💥 Emerging star #Ounahi #Bellingham #Musiala 
😒 Flop of the tournament #DeBruyne 
🏹 Goal of the tournament #Richarlison vs Serbia https://t.co/Jz57Ic9bfE"
Alisson,alisson becker,3,"Julio Cesar:

“I think that, as a whole, Alisson [Becker] had a nice World Cup. In the first two games he wasn’t tested much, there were almost no shots on goal, in the third game Ederson came in and against Korea he had a great game.” #lfc [globo esporte via liverpool echo] https://t.co/3MZj3tQFih"
Neymar,ney_contextual|neymar,3,"Goal of the #FIFAWorldCup ??

This from #Neymar or possibly the overhead kick from #Richarlison 

How this Brazil team didn't come up against Argentina in the Semi-Finals, only #Croatia and a higher power know. What a team this was!

Hope Ney plays another world cup. #Qatar2022 https://t.co/S8xDQTYBK9"
Emiliano Martinez,dibu|emiliano martinez|martinez_contextual,3,"""🚨 Emiliano Martinez is the first active Aston Villa player to reach the #FIFAWorldCup final. Congrats Dibu! 

Clean sheet to go along with it too. My keeper 💜💙

#avfc | #utv | #vtid | @emimartinezz1 https://t.co/S9KkFS2Xw3"""
Luka Modrić,luka modric|lukamodric,3,"""#FIFAWorldCup | Luka Modric was once again considered an ideal inspiration for his nation.

Sunil Yash Kalra, Founder, @IndianSportFan &amp; @atulkasbekar share their take on #LukaModric.
 
@Dafanewsindia https://t.co/LOb08Af8mT"""
Emiliano Martinez,emilianomartinez,3,@emimartinezz1 You are the best Goal Keeper in this world.. What a World Class Save that was !!! #WorldCupFinal #EmilianoMartinez #Messi #Argentina #WorldCup https://t.co/0ZveLeTMUc
Neymar,neymar|neymar jr|neymarjr,3,"#Fifa world cup neymar is our of World Cup but still remember that maybe next year no one is happy after his loss but still leo messi got your back neymar jr be happy  we love and care for you 
#neymarjr #LeoMessi https://t.co/5Q1XmXuOBV"
Luka Modrić,luka_contextual,3,"@JKyrox_ @MessiDaGOAT9 @TimelineCR7 Portugal has never been to a world cup final.....
y'all were praising Luka for making it to the final.....your own goat would never ever know what is to play a world cup final, not to even mention score a k.o. goal oh lala"
Rúben Dias,dias_contextual|ruben dias,3,"Manuel Akanji after seeing Ruben Dias, Joao Cancelo and Bernardo Silva back at the City Football Academy after they helped Portugal to smash 6 goals past him at the World Cup:

😂😂😂😂 https://t.co/aWh4sQyd99"
Cristiano Ronaldo,cr7|cristiano ronaldo|goat_contextual|ronaldo,3,"⏰ 87’ | Only a few minutes left... Will Ronaldo score a goal? 🤔👇

🇵🇹 5-1 🇨🇭

#PORSWI #PORZWI #Portugal #Switzerland #CR7 #Cristiano #Ronaldo #Ramos #Pepe #Guerreiro #CristianoRonaldo #GOAT #Qatar2022 #WorldCup #WKVoetbal #betFIRST"
Lionel Messi,goat_contextual|lm10|messi,3,"Best world cup final ever!
Messi's brace, Mbappe's hat-trick.
Late min goals, Penalty shootout.
In the end, the Undisputed GOAT LM10 became the world champion! Vamos! https://t.co/RgzLqunEvq"
Rafael Leão,rafa leao,3,Rafa Leao (1) has played 6 minutes of World Cup knockout round football and has scored more World Cup knockout round goals than Cristiano Ronaldo (0)
Lionel Messi,goat_contextual|leo messi|leo_contextual|leomessi|messi,3,"First time watching football match. 
What a final, what a goal, what a win for Argentina. Leo Messi 💪 Congratulations to Argentina and Messi for winning the FIFA World Cup final.🎉
#LionelMessi #LionelMessi𓃵 
#Messi𓃵 #Messi #LeoMessi 
#GOAT𓃵 #ArgentinavsFrance#LionelMessi"
Lionel Messi,goat_contextual|leomessi|lionel messi|messi,3,"Lionel Messi The GOAT 🐐👑
What a final, what a goal, what a win for Argentina. Congratulations to Argentina for winning the FIFA World Cup final 💯

#LionelMessi #LionelMessi𓃵 
#Messi𓃵 #Messi #LeoMessi 
#GOAT𓃵 #ArgentinaVsFrance https://t.co/7nNMJu1VJv"
Lionel Messi,goat_contextual|lm10,3,"A GOAL and ASSIST in world cup quarter final and semifinal isn't for everyone 

Only GOAT (LM10) can do this 
Argentina into the FINAL of #FIFAWorldCup
Alhamdulillah"
Thibaut Courtois,thibaut courtois,3,@piersmorgan Look alike Morocco 🇲🇦 goal keeper is winning the World Cup just like how Thibaut Courtois won the champion league for Madrid https://t.co/cnQQuq44NQ
Rafael Leão,leao|rafael leao,2,"🚨 EXPIRING IN 4 HOURS 🚨
#Portugal &amp; #ACMilan star R. Leao was announced #SerieA #POTM for October 🔥
Can be completed just under 180k 💰

Checkout 87 rated Rafael Leao SERIE A October Player Of The Month (POTM) SBC cheapest possible solution and review! https://t.co/mkoNfQDDrN"
Vinícius Júnior,vini|vinicius,2,@Ghananess Vinicius have had a hand in about 80% of Brazil’s goals at World Cup. Who’s Martinelli to be compared to Vini?
Son Heung-min,heung min son|son_contextual,2,Brazil v South Korea – World Cup 2022 LIVE: Neymar returns for favourites as Heung-min Son looks to end goal drought to spring major upset https://t.co/sK1pJ0T3aL
Vinícius Júnior,vini|vinijr,2,"Brazil started the game with bang, two goals in 20 min. Match is look done in first half only. @vinijr and @neymarjr open their world cup account in style. The samba starts now.
#FIFAWorldCup 
#BRAKOR 
#Neymar 
#vini 
#korea https://t.co/avnqOiNtfp"
Vinícius Júnior,vinicius|vinicius junior,2,"FIRST WORLD CUP DANCE FOR VINICIUS!

Vinícius Júnior's first half by numbers vs. South Korea:

100% take-ons completed
93% pass accuracy
28 touches
15 passes
4 touches in opp. box
4 crosses
2 chances created
1 assist
1 goal

The first World Cup goal of his career. 
#FIFAWorldCup https://t.co/vTZCczLMuE"
Rúben Dias,dias_contextual,2,"OFFICIAL : Artur Soares Dias from Portugal will be the center man for the FIFA world Cup final.        #fifaworldcup #worldcup #messi @ Accra, Ghana https://t.co/o2OLYQqKe0"
Vinícius Júnior,vini|vinicius junior,2,"a side after the last World Cup! Brazil do have the main man Neymar back in in the 10 though, and it’s all going to go through him - he better be better protected. The likes of Vinicius Junior &amp; Richarlison have stepped up: Richy’s goal record for them is insane, and Vini’s…"
Aaron Ramsdale,aaron ramsdale,2,"✍️| @charles_watts: “Aaron Ramsdale, Bukayo Saka and Gabriel Martinelli are set to sit the game [against Juventus on Saturday] out as they are integrated back into the squad over the next couple of days following their respective exits from the World Cup.” [@goal] #afc"
Neymar,ney_contextual,2,@FIFAWorldCup Brazil x croatia. Beautiful goal from lil ney
Lionel Messi,goat_contextual|leo_contextual,2,@Dani77k How you dey feel can your goat do what our goat Leo is doing 10goals for Argentina at the worldcup &amp; 4 goals so far three man of match awards your goat dey bench 😂😂😜😜
Enzo Fernández,enzofernandez,2,"@FIFAWorldCup this is what is going to happen today...listen 🦻🏾,MOTM will be Martinez(GK)  &amp; the Final score Argentina 2-0.Goal scorers will be EnzoFernández &amp; Lionel Messi... Congratulations @afaseleccion🇦🇷🇦🇷🇦🇷"
Eden Hazard,eden hazard|edenhazard|hazard_contextual,2,"Belgium playmaker Eden Hazard retired from international football at the age of 31. Hazard made his Belgium debut in 2008 at the age of 17 and went on to win 126 caps, scoring 33 goals.

Credit: @ujuochulo for The Guardian

#WorldCup #WorldCup2022 #EdenHazard #Belgium #Qatar2022 https://t.co/KsO5KYJ6gI"
Cristiano Ronaldo,cristiano|cristiano ronaldo|goat_contextual|ronaldo,2,"Cristiano Ronaldo's World Cup journey ends in tears❤️‍🩹🥺

@Cristiano 🐐

#FIFAWorldCup #FIFAWorldCup2022 #Ronaldo #Cristiano #cristianoronaldo #goat #cristianos #portugal🇵🇹 #fifa #portugal #portugalvsMorocco https://t.co/mJsyoNa5Oe"
João Cancelo,joao cancelo,2,@goal @neymarjr It's Ronaldo or João cancelo to win the world cup so everyone else can ress
Jude Bellingham,judebellingham,2,"""Who is the next biggest ⚽️#Star #Legend #Icon? 
@Darwinn99 #DarwinNunez @ErlingHaaland #erlinghaaland 
@BellinghamJude #JudeBellingham 
@KMbappe #Kylian_Mbappe #PremierLeague #ManCity #LiverpoolFC #England #WorldCup2022  #FIFAWorldCup #FIFAWorldCupQatar2022 #Worldcup #France #PSG"""
Karim Benzema,benzema|karim benzema|karimbenzema,2,"""Benzema WC Final Return? Is Karim Benzema returning for FIFA World Cup Final, Check what coach has to say?

#FIFAWorldCup #KarimBenzema #TeamFrance #Qatar2022 https://t.co/DR7G3VvHdq"""
Cristiano Ronaldo,cr7|cristiano|goat_contextual|ronaldo,2,"He @Cristiano Is My #GOAT𓃵 and Many of Us ! 

He's broken goal records, he's broken appearance records, he won the Euros, he had nothing left to prove.
It was Heart Breaking ! 
An incredible international career! 🇵🇹#CristianoRonaldo #CR7𓃵 #Ronaldo #WorldCup #Portugal #Morocco https://t.co/gyDFYizUsm"
Eduardo Camavinga,eduardo camavinga,2,Eduardo Camavinga misses France training ahead of #WorldCup2022 opener https://t.co/N2Xa3ZtaLZ
Luka Modrić,lukamodric|modric,2,"Croatians are playing the game while Argentina are scoring the goals.
Half Time Report at Lusail Stadium
SEMI FINALS - 
Argentina 2 - 0 Croatia :
#FIFAWorldCup #Qatar2022 #WorldCup2022 #WorldCup #ArgentinaVsCroatia #ARGCRO #Croatia #CROARG #CRO #ARG #Messi #Modric #LukaModric https://t.co/DBPqkUWzDl"
Luka Modrić,luka modric|luka_contextual|lukamodric,2,"Perisic Mr. World cup for croatia another crucial goal at a crucial stage⚽🤯
Nd Luka Modric a Magic no words can define d legend he's  an art😍🐐
Last tym runner's up croatia into d quarters once again! 🤞😌
#FIFAWorldCup2022 
#perisic 
#lukamodric 
#penaltyshootout
#Croatia"
Luka Modrić,luka_contextual|modric,2,"@bernie_slimz Ronaldo won the golden boot in that World Cup bro. Scored an astronomical number of goals. You absolutely would have won the UCL without Luka, but you couldn’t have without Ronaldo. You can’t deny that the politics played by Madrid was what helped Modric win. You can’t!"
Luke Shaw,luke shaw|shaw_contextual,2,@goal So England really thought they were gonna win world cup with Maguire and Luke Shaw ? Ridiculous.
Cristiano Ronaldo,cris_contextual|ronaldo,1,@Cris_Young6 @Vettel_AMR Warra world cup knockout goal for Ronaldo
Eduardo Camavinga,cama_contextual|camavinga,1,"UCL Semi final : RMA is 2 goals behind on aggregate.
Cama comes on. 
Rodrygo scores 2 in 2 mins. 

Worldcup Final : France is 2 goals behind. 
Cama comes on. 
Mbappe scores 2 in 2 mins. 

✨ @Camavinga ✨
#ARGFRA
#WorldCup 
#ArgentinaVsFrance"
Eduardo Camavinga,cama_contextual,1,"Fance midfield was dead in 1st half, they woke up in 2nd. Cama blew some energy which made those 2 crucial last minute goals. The Penalties are always cruel. The future looks good for 🇫🇷 w Cama, Meni, Mbappe. #WorldCup #Mbappe𓃵"
Eden Hazard,edenhazard,1,"#edenhazard Hazed 2018 world cup version. A playmaker, goal scorer lead Belgium in front. Best individual player in Belgium history we seen so far. 
#FIFAWorldCup2022 https://t.co/3yppqeeFsH"
Trent Alexander-Arnold,alexander arnold,1,"@steviegates @AlexLaneMusix @Us3official @talkSPORT Also your manager subbed off your best player on the game (saka), kept Phoden on while he was doing nothing, Grealish could have probably be given a run instead.. Alexander-arnold the best assister in the world on the bench watching the whole World Cup while you needed goals"
Alisson,alisson|alisson becker,1,@Rimey_10 @aurizons @BallisOxygen @HenryNavarr0 @goal Emi Martinez is also in the final and Alisson Becker is at home. Does that mean Martinez has been clear of Alisson this World Cup? A simple yes or no will suffice
Antonio Rüdiger,antonio rudiger|rudiger,1,"Antonio Rüdiger: ‘Never count Germany out – anything can happen’
#WorldCup2022 #Germany #Rüdiger https://t.co/nJw0ShUjus"
Declan Rice,declan rice|declanrice|rice_contextual,1,"""Apart from 2 masterful goals scored in key moments of a world cup QF, I don't think France did a lot. The better team, that needed a peno to score and counts West Ham legend Declan Rice as their best player, lost.""  - @_DeclanRice 
Ooh ah up the Rice"
Bernardo Silva,bernardo_contextual,1,"Pep doesnt respect him, he focused  on his LIABILITIES to endear himself to the British public which backfired.  Alvarez Haaland Bernardo would form a deadly front line. Man City fans go wild for Julian Alvarez after World Cup wonder goal https://t.co/25zlcPXIH2"
Trent Alexander-Arnold,trent|trent alexander arnold,1,"@LFC_Elliott @PremLeaguePanel @OC_LFC Trent Alexander Arnold got beat for pace by Ivan Perisic.

Prior to the World Cup, and starting with the game when Liverpool came to the Emirates, Trent has played deeper, rarely crossing the half way line. Teams have targeted his side, and gained goals with little resistance."
Bukayo Saka,bukayosaka|saka,1,"⚽@BukayoSaka  on his Faith⚽ 
Good Luck to the boys tomorrow night! 
⚽ It's Coming Home for Christmas⚽ 
#football #saka #faith #bukayosaka #worldcup #qatar2022 #goals #bible #itscominghome
@England https://t.co/QouytIXNK5"
Vinícius Júnior,vinicius|vinijr,1,@FIFAWorldCup There can be debate on the best but #Vinicius #vinijr had the most effortless goal! With in a fraction of sec he ditched 4 defenders and GK to one side before shooting and make it look so easy! https://t.co/ckBqbtjjYu
Cristiano Ronaldo,cris_contextual,1,Heartbreaking end to Cris’s World Cup career man but  bravo Morocco my god what a masterclass in tactical defending that mid block looked like they could go another hour and not give up a goal. Once again the lack of attacking options on the pitch from the START screwed Portugal
Vinícius Júnior,vini jr|vinicius,1,"Brazil scored 6 open play goals this World Cup:

1st: Richarlison goal from Vinicius' shot.
2nd: Vinicius assist
3rd: Casemiro goal from Vinicius' chance created.
4th: Vinicius goal
5th: ❌
6th: Vinicius assist

Everything goes through Vini Jr.⚡🇧🇷 https://t.co/zhepWSj05A"
Emiliano Martinez,dibu martinez|emi martinez|martinez_contextual,1,"Paulo Dybala reveals Emi Martinez has given him a crucial penalty advice in #ARG's #WorldCup final win over #FRA.

""I listened to Dibu (Martinez) because they had made a mistake before me and he told me to go down the middle, shoot there and it was a goal."""
Vinícius Júnior,vinicius jr|vinicius junior,1,"Vinicius Junior is the youngest Brazilian to score in a World Cup knockout stage match since Ronaldinho in 2002.

Brazil defeated South Korea with goals coming from Vinicius Jr, Neymar, Richarlison, and Paqueta, Paik Seung-ho scored South Korea's only goal.

#NewsCentralTV https://t.co/9W6zOsoN5t"
Vinícius Júnior,vini|vini jr,1,"WORLD CUP GIVEAWAY 💰💰💰

If Vini Jr DOESN'T score tomorrow we'll give $50 to three people who RT this tweet.

Goal or no goal, our people are winning on Vini 🇧🇷 https://t.co/pwIfHYcQbB"
Vinícius Júnior,vinicius jr|vinijr,1,Vinicius Jr @vinijr has scored his first world cup goal🙌💪🔥 https://t.co/9ZRDIuR7hi
Cristiano Ronaldo,cr7|cristiano|cristiano ronaldo|goat_contextual|ronaldo,1,"Building The First Girl #shiba 

✅Low Mcap #GEM
✅Audited
✅Team Doxxed
✅Liquidity🔒

#Ronaldo𓃵 #RonaldoOnBinance #Ronaldo #BinanceSmartChain #RonaldoCR7 #ronaldo_world_cup #CristianoRonaldo #Cristiano #cristiano_ronaldo #CR7𓃵 #CR7 #CR7GOAT #GOAT𓃵 #GOAT #GoalOfTheDay #goal https://t.co/lRXD4a9mKX"
Vinícius Júnior,vinicius junior|vinijr,1,"🔎 Vinícius Júnior (22 years old) among Brazil's players in the 2022 World Cup:

1st in assists
1st in goal contributions
1st in decisive passes
1st in completed dribbles
2nd in fouls suffered
3rd in duels won

@vinijr 🇧🇷🔥 https://t.co/WMZK7JCxcB"
Cristiano Ronaldo,cr7|cristiano|cristiano ronaldo|goat_contextual,1,"It doesn't matter that @Cristiano Ronaldo's international career will end without a World Cup. 
He's broken goal records, he's broken appearance records, he won the Euros, he had nothing left to prove.
An incredible international career! 
#cristiano #CR7 #sohagsana #Goat https://t.co/p05R2wvXOO"
Cristiano Ronaldo,cr7|cristiano|cristiano ronaldo|ronaldo,1,"Cristiano Ronaldo, one of the greatest to ever play the game will likely never win its most coveted trophy.
The legend from Portugal 🇵🇹 scored 8 goals in 22 World cup matches.

#CR7𓃵  #CristianoRonaldo  #FIFAWorldCup  #FIFAWorldCup2022  #Qatar2022  #Ronaldo  #Cristiano https://t.co/XdQnjHGwqN"
Enzo Fernández,enzo_contextual|fernandez_contextual,1,"Enner Valencia of Ecuador scores the second goal for The Tricolors after a fine header
(History is written, 2 goals in 31mins #WorldCup2022)

#FIFAWorldCup Shakira Enzo #QATECU Fernandez James Rema England Bridge #foundmyennervalencia https://t.co/QqjbUlqJyC"
Emiliano Martinez,emi martinez|emiliano martinez|martinez_contextual,1,"Lionel Messi might have won Man Of The Match but this 120+3' save from Emiliano Martinez saved Argentina's World Cup 🇦🇷❤️

1 massive penalty save 🔥
1 pure goal save 🔥
Our Savior Emi Martinez 💝
Thank you for everything you did for us 🫶
#VamosArgentina 
#WorldChampions https://t.co/gsCx3QQMsL"
Robert Lewandowski,lewandowski|robert lewandowski,1,"@AnarchoMayo You want to play the stats game? 

Reyna goals/assist in his first World Cup -  0 

Robert Lewandowski goals/assist in this first world cup - 0 

John Brooks first World Cup - 1 goal.

John brooks has better stats in his first World Cup compared to Lewandowski first World Cup"
Mason Mount,mason mount|masonmount|mount_contextual,1,"Mason mount achievement at the age of 23

Won the champions league
Won the super cup
Won the club world cup
Got nominated at the ballon d'or
Won Chelsea Player of the year x2,

Has the most goals G/a than all Chelsea player's for the past 2 seasons...
 [ @MasonMount ] 💙 https://t.co/rNniKZRH62"
Marcus Rashford,marcus rashford|marcusrashford|rashford,1,"Rashford continues World Cup form 🫵💯

Marcus Rashford scored an impressive solo goal after picking the ball up in his own half and helping Manchester United progress to the quarter-finals of the Carabao Cup.

#CarabaoCup #ManchesterUnited #MarcusRashford https://t.co/P82eOf3XdU"
Neymar,neymar junior|neymarjr,1,"@neymarjr PSG Trio in the biggest stage in Sport:

Lionel Messi: 1 World Cup title, 2 goals in finals and 13 goals in competition history

Kylian Mbappé: 1 World Cup, 4 goals in finals: top scorer in World Cup final history and 12 goals in competition history

Neymar: Junior"
Lionel Messi,leo_contextual|lionel messi|messi,1,"""YOU HAVE FACED ENOUGH HEARTBREAKS 💔IN YOUR CARRIER , leo .Now this sport should not disappoint u any more ! 
Lionel messi Int'l career so far 👇🏻
#Messi𓃵 #FIFAWorldCupQatar2022 #FIFAWorldCup https://t.co/aMrlWutVXh"""
Lionel Messi,leo_contextual|leomessi|messi,1,"""Leo The Magician Messi 🎩.
#LeoMessi #LionelMessi #LionelMessi𓃵 #Messi #Messi𓃵 #messiday #Argentina #MoroccoVsFrance #francemaroc #argentinavsfrance #FIFAWorldCup #finale https://t.co/OPxnfHB1aE"""
Lionel Messi,leo messi|leo_contextual|lm10|messi,1,"Football is emotion 🖤 @Ieomessiok U beauty.  End of an era💔 Messi (lm10) the magic man G.O.A.T. we miss u Legend 1,003 games. 793 goals. 7 Ballons d’Or. One World Cup.
Leo Messi's career masterpiece is complete 🐐🫰amazing ending🔥 @qatar🫡❤️‍🔥 @Argentina @afa @lioscaloni https://t.co/nI9UQQY72R"
Lionel Messi,leo messi|leo_contextual|leomessi|messi,1,"""Hoping same action by Leo Messi in the FIFA Final. 

#FIFAWorldCup #FIFAWorldCupQatar2022 #FIFA2022 #FIFAWorldCup2022 #LeoMessi #Messi𓃵   #ArgentinavsFrance #argentinavsfrance🇦🇷🇫🇷 #francevsargentina"""
Lionel Messi,leo messi|leo_contextual|leomessi|lionel messi|messi,1,"Lionel Messi The KING 👑
What a final, what a goal, what a win for Argentina. That's why Love Leo Messi. Congratulations to Argentina for winning the FIFA World Cup final 🫶💯❤️
#LionelMessi #Messi #LeoMessi 
#ArgentinavsFrance https://t.co/P8uWBVma8r"
Lionel Messi,goat_contextual|lionel messi|lm10,1,"Remember the name : Lionel Messi the GOAT !!! Like Odysseus said about Achilles in the end of the film, Troy, I say, Let them say I lived in the time of CR7, the greatest goal scorer of all time ; Let them say I lived in the time of LM10 the Greatest of all time !!! @FIFAWorldCup https://t.co/ry9gcrw1qV"
Lionel Messi,goat_contextual|leo_contextual|leomessi|lionel messi|messi,1,"""The G.O.A.T. Lionel Messi 🐐👽
One step away from the cup 🏆
Go for the win Leo 💞✨

He is walking work of art ,the Magician and blessings to our eyes and football 💞🥰
#Messi𓃵 #ArgentinaVsFrance #LeoMessi #Messi #FIFAWorldCup #GOAT𓃵 #football #messifans https://t.co/huN1Je6cvy"""
Lionel Messi,goat_contextual|leo messi|leo_contextual|lm10,1,"Leo Messi becomes Argentina’s all-time top goalscorer in World Cup history with 11 goals ⭐️🇦🇷

#LionelMessi #Argentina ##LM10 #GOAT https://t.co/UemEjdr9FX"
Kylian Mbappé,kylian_contextual|kylianmbappe|mbappe,1,"""𝐀𝐑𝐆𝐄𝐍𝐓𝐈𝐍𝐀 🆚 𝐅𝐑𝐀𝐍𝐂𝐄

🍿 Bring. It. On.

#Football #mbappe #mbappé #mbappe7 #kylianmbappe #kylian #mbappefans #paris #parisfrance #psg #parissaintgerman #parisfans #argentina #messi #lionelmessi  #leomessi #WorldCup #laliga #FranceFootball #France #FIFAWorldCup https://t.co/lpymy3qzup"""
Emiliano Martinez,emiliano martinez|emilianomartinez|martinez_contextual,1,"Relive Emiliano Martinez’s Spectacular Save in Extra Time To Deny France a Goal in Dying Moments of FIFA World Cup 2022 Final (Watch Video)

@emimartinezz1 @FIFAWorldCup
#FIFAWorldCup #EmilianoMartinez #ARGFRA #Martinez #Qatar2022 #Argentina #France 

https://t.co/YV80hnqBuS"
Kevin De Bruyne,kdb|kevin de bruyne,1,"Midfielder: 🇧🇪Kevin De Bruyne

Arguably the best midfielder in the world at the moment, failed to shine for his country at the World Cup. KDB played all 3 group stage games picking up 0 goals and 0 assists. https://t.co/lz92QBfruT"
Julián Álvarez,alvarez|julian alvarez|julianalvarez,1,"In 2012, 12-year-old Julian Alvarez took photo with his idol Lionel Messi. 10 years later, they're heading to a World Cup Final together with nine goals between them. 🇦🇷
#JulianAlvarez #Alvarez
#LeoMessi #Messi𓃵 #Arana #VamosArgentina #FIFAWorldCup https://t.co/1vRMef9bMy"
Jude Bellingham,bellingham|jude bellingham|jude_contextual,1,"England Star Bellingham Explains Jubilation With Henderson VS Senegal, Jude Bellingham says his goal celebration with Jordan Henderson during England’s World Cup win over Senegal was not planned but has become “iconic”
https://t.co/bneOwblbdi https://t.co/ERQ8AItvsm"
Jack Grealish,jack grealish|jackgrealish,1,"Jack Grealish Fulfills Promise to a Boy with a Goal Celebration at the FIFA World Cup 2022
https://t.co/Ekk91LrMQb

#JackGrealish #England #promise #Finlay #suffer #cerebralPalsy #celebrate #WorldCup2022 #goal #Dance #delighted #unbreakableBond #priceless #connection #PepRaise"
Rúben Dias,rubendias,1,"@City_Xtra @selecaoportugal @rubendias @BernardoCSilva it has never happened and will never happen, no ref can restart a game while a team is celebrating scoring a goal, these city fans have nothing to celebrate on this world cup becos their players are doing nothing now they are giving us stupid stories full of nonsense"
Harry Kane,harry kane|harrykane|kane,1,"Harry Kane scores a penalty for England against France to equal England's top scorer record - Wayne Rooney with 53 goals!
.
.
.
#harrykane #rooney #waynerooney #kane #england #france #quarterfinals #worldcup #fifa #twitter  #news #instagram #football #footnewz #worldcupnews https://t.co/xl8UJmBogm"
Sadio Mané,mane|sadio mane,1,"RT @DTDProjectsNFT: G⚽️⚽️d afternoon,  #NFTs adventurers

🏆FIFA DTD

🇸🇳Senegal: 

Sadio Mané, a winger with strong ability, is the historical top scorer of national team, scoring 33 goals in 91 games

❤️Take care, look forward to seeing you

#NFTartist #NFTArts #NFTProjects  #FIFAWorldCup   #mane https://t.co/sX9CDwv5dJ"
Son Heung-min,heung min son,1,Heung-min son is leaving the world cup tired and with zero goals https://t.co/FP1xI5Qw99
Nathan Aké,nathan ake,1,"@Quidd FromTheAshes21 World Cup Prediction Today:

NETHERLANDS VS ARGENTINA

GOAL BY
1st Half :  Nathan Ake
2nd Half :  Nathan Ake"
Enzo Fernández,enzo fernandez|enzo_contextual|enzofernandez|fernandez_contextual,1,"🇦🇷 Enzo Fernandez stats at the World Cup:
 1 goal
 1 assist
 6 chances created 
 88% accurate passes
 100% successful dribbles 
 15 tackles won
 3 interceptions 
 7 clearances 
 5 headed clearances
59% total duels won
Young player of the Tournament
#FIFAWorldCup #enzofernandez https://t.co/2igwisN9KU"
Emiliano Martinez,emilianomartinez|martinez_contextual,1,"A 30 year old man making fun of someone who won the world cup before him at the age of 19, put 4 goals past him and is going to have a better legacy in football than him. Martinez is annoying 🤦‍♂️

@KMbappe @FIFAWorldCup @Argentina @emilianomartinez https://t.co/KnCLIsEtJw"
İlkay Gündoğan,gundogan,1,"""Please we really need your help.
If you can't help, please repost🥺

Gundogan| Spain | Japan #FIFAWorldCup #NairaRedesign #nairanotes #Asiwajutinubu #ASUU #PeterObi4President https://t.co/WzdMqGUebD"""
